Name,Units,Short,Long
Ess1E,kWh,Ess1 Energy,
Ess1ExpE,kWh,Ess1 Export Energy,
Ess1ExpP,kW,Ess1 Export Active Power,
Ess1ExpQh,kvarh,Ess1 Export Reactive Power Hours,
Ess1ExpS,kVA,Ess1 Export Apparent Power,
Ess1ExpSh,kVAh,Ess1 Export Apparent Power Hours,
Ess1I2,A,Ess1 Phase 2 Current,
Ess1I3,A,Ess1 Phase 3 Current,
Ess1ImpE,kWh,Ess1 Import Energy,
Ess1ImpP,kW,Ess1 Import Active Power,
Ess1ImpQh,kvarh,Ess1 Import Reactive Power Hours,
Ess1ImpS,kVA,Ess1 Import Apparent Power,
Ess1ImpSh,kVAh,Ess1 Import Apparent Power Hours,
Ess1P,kW,Ess1 Active Power,
Ess1Pf,pf,Ess1 Power Factor,
Ess1Qh,kvarh,Ess1 Reactive Power Hours,
Ess1S,kVA,Ess1 Apparent Power,
Ess1Sh,kVAh,Ess1 Apparent Power Hours,
Ess1U,V,Ess1 Average Phase to Phase Voltage,
Ess1U12,V,Ess1 Phase 1 to 2 Voltage,
Ess1U1n,V,Ess1 Phase 1 to N Voltage,
Ess1U23,V,Ess1 Phase 2 to 3 Voltage,
Ess1U2n,V,Ess1 Phase 2 to N Voltage,
Ess1U31,V,Ess1 Phase 3 to 1 Voltage,
Ess1U3n,V,Ess1 Phase 3 to N Voltage,
Ess1Un,V,Ess1 Average Phase to Neutral Voltage,
Ess2E,kWh,Ess2 Energy,
Ess2ExpE,kWh,Ess2 Export Energy,
Ess2ExpP,kW,Ess2 Export Active Power,
Ess2ExpQh,kvarh,Ess2 Export Reactive Power Hours,
Ess2ExpS,kVA,Ess2 Export Apparent Power,
Ess2ExpSh,kVAh,Ess2 Export Apparent Power Hours,
Ess2I2,A,Ess2 Phase 2 Current,
Ess2I3,A,Ess2 Phase 3 Current,
Ess2ImpE,kWh,Ess2 Import Energy,
Ess2ImpP,kW,Ess2 Import Active Power,
Ess2ImpQh,kvarh,Ess2 Import Reactive Power Hours,
Ess2ImpS,kVA,Ess2 Import Apparent Power,
Ess2ImpSh,kVAh,Ess2 Import Apparent Power Hours,
Ess2P,kW,Ess2 Active Power,
Ess2Pf,pf,Ess2 Power Factor,
Ess2Qh,kvarh,Ess2 Reactive Power Hours,
Ess2S,kVA,Ess2 Apparent Power,
Ess2Sh,kVAh,Ess2 Apparent Power Hours,
Ess2U,V,Ess2 Average Phase to Phase Voltage,
Ess2U12,V,Ess2 Phase 1 to 2 Voltage,
Ess2U1n,V,Ess2 Phase 1 to N Voltage,
Ess2U23,V,Ess2 Phase 2 to 3 Voltage,
Ess2U2n,V,Ess2 Phase 2 to N Voltage,
Ess2U31,V,Ess2 Phase 3 to 1 Voltage,
Ess2U3n,V,Ess2 Phase 3 to N Voltage,
Ess2Un,V,Ess2 Average Phase to Neutral Voltage,
Ess3E,kWh,Ess3 Energy,
Ess3ExpE,kWh,Ess3 Export Energy,
Ess3ExpP,kW,Ess3 Export Active Power,
Ess3ExpQh,kvarh,Ess3 Export Reactive Power Hours,
Ess3ExpS,kVA,Ess3 Export Apparent Power,
Ess3ExpSh,kVAh,Ess3 Export Apparent Power Hours,
Ess3I2,A,Ess3 Phase 2 Current,
Ess3I3,A,Ess3 Phase 3 Current,
Ess3ImpE,kWh,Ess3 Import Energy,
Ess3ImpP,kW,Ess3 Import Active Power,
Ess3ImpQh,kvarh,Ess3 Import Reactive Power Hours,
Ess3ImpS,kVA,Ess3 Import Apparent Power,
Ess3ImpSh,kVAh,Ess3 Import Apparent Power Hours,
Ess3P,kW,Ess3 Active Power,
Ess3Pf,pf,Ess3 Power Factor,
Ess3Qh,kvarh,Ess3 Reactive Power Hours,
Ess3S,kVA,Ess3 Apparent Power,
Ess3Sh,kVAh,Ess3 Apparent Power Hours,
Ess3U,V,Ess3 Average Phase to Phase Voltage,
Ess3U12,V,Ess3 Phase 1 to 2 Voltage,
Ess3U1n,V,Ess3 Phase 1 to N Voltage,
Ess3U23,V,Ess3 Phase 2 to 3 Voltage,
Ess3U2n,V,Ess3 Phase 2 to N Voltage,
Ess3U31,V,Ess3 Phase 3 to 1 Voltage,
Ess3U3n,V,Ess3 Phase 3 to N Voltage,
Ess3Un,V,Ess3 Average Phase to Neutral Voltage,
Ess4E,kWh,Ess4 Energy,
Ess4ExpE,kWh,Ess4 Export Energy,
Ess4ExpP,kW,Ess4 Export Active Power,
Ess4ExpQh,kvarh,Ess4 Export Reactive Power Hours,
Ess4ExpS,kVA,Ess4 Export Apparent Power,
Ess4ExpSh,kVAh,Ess4 Export Apparent Power Hours,
Ess4I2,A,Ess4 Phase 2 Current,
Ess4I3,A,Ess4 Phase 3 Current,
Ess4ImpE,kWh,Ess4 Import Energy,
Ess4ImpP,kW,Ess4 Import Active Power,
Ess4ImpQh,kvarh,Ess4 Import Reactive Power Hours,
Ess4ImpS,kVA,Ess4 Import Apparent Power,
Ess4ImpSh,kVAh,Ess4 Import Apparent Power Hours,
Ess4P,kW,Ess4 Active Power,
Ess4Pf,pf,Ess4 Power Factor,
Ess4Qh,kvarh,Ess4 Reactive Power Hours,
Ess4S,kVA,Ess4 Apparent Power,
Ess4Sh,kVAh,Ess4 Apparent Power Hours,
Ess4U,V,Ess4 Average Phase to Phase Voltage,
Ess4U12,V,Ess4 Phase 1 to 2 Voltage,
Ess4U1n,V,Ess4 Phase 1 to N Voltage,
Ess4U23,V,Ess4 Phase 2 to 3 Voltage,
Ess4U2n,V,Ess4 Phase 2 to N Voltage,
Ess4U31,V,Ess4 Phase 3 to 1 Voltage,
Ess4U3n,V,Ess4 Phase 3 to N Voltage,
Ess4Un,V,Ess4 Average Phase to Neutral Voltage,
EssE,kWh,Energy Storage System Energy,
EssExpE,kWh,Energy Storage System Export Energy,
EssExpP,kW,Energy Storage System Export Active Power,
EssExpQh,kvarh,Energy Storage System Export Reactive Power Hours,
EssExpS,kVA,Energy Storage System Export Apparent Power,
EssExpSh,kVAh,Energy Storage System Export Apparent Power Hours,
EssI2,A,Energy Storage System Phase 2 Current,
EssI3,A,Energy Storage System Phase 3 Current,
EssImpE,kWh,Energy Storage System Import Energy,
EssImpP,kW,Energy Storage System Import Active Power,
EssImpQh,kvarh,Energy Storage System Import Reactive Power Hours,
EssImpS,kVA,Energy Storage System Import Apparent Power,
EssImpSh,kVAh,Energy Storage System Import Apparent Power Hours,
EssP,kW,Energy Storage System Active Power,
EssPf,pf,Energy Storage System Power Factor,
EssQh,kvarh,Energy Storage System Reactive Power Hours,
EssS,kVA,Energy Storage System Apparent Power,
EssSh,kVAh,Energy Storage System Apparent Power Hours,
EssU,V,Energy Storage System Average Phase to Phase Voltage,
EssU12,V,Energy Storage System Phase 1 to 2 Voltage,
EssU1n,V,Energy Storage System Phase 1 to N Voltage,
EssU23,V,Energy Storage System Phase 2 to 3 Voltage,
EssU2n,V,Energy Storage System Phase 2 to N Voltage,
EssU31,V,Energy Storage System Phase 3 to 1 Voltage,
EssU3n,V,Energy Storage System Phase 3 to N Voltage,
EssUn,V,Energy Storage System Average Phase to Neutral Voltage,
Fed1E,kWh,Fed1 Energy,
Fed1ExpE,kWh,Fed1 Export Energy,
Fed1ExpP,kW,Fed1 Export Active Power,
Fed1ExpQh,kvarh,Fed1 Export Reactive Power Hours,
Fed1ExpS,kVA,Fed1 Export Apparent Power,
Fed1ExpSh,kVAh,Fed1 Export Apparent Power Hours,
Fed1I2,A,Fed1 Phase 2 Current,
Fed1I3,A,Fed1 Phase 3 Current,
Fed1ImpE,kWh,Fed1 Import Energy,
Fed1ImpP,kW,Fed1 Import Active Power,
Fed1ImpQh,kvarh,Fed1 Import Reactive Power Hours,
Fed1ImpS,kVA,Fed1 Import Apparent Power,
Fed1ImpSh,kVAh,Fed1 Import Apparent Power Hours,
Fed1P,kW,Fed1 Active Power,
Fed1Pf,pf,Fed1 Power Factor,
Fed1Qh,kvarh,Fed1 Reactive Power Hours,
Fed1S,kVA,Fed1 Apparent Power,
Fed1Sh,kVAh,Fed1 Apparent Power Hours,
Fed1U,V,Fed1 Average Phase to Phase Voltage,
Fed1U12,V,Fed1 Phase 1 to 2 Voltage,
Fed1U1n,V,Fed1 Phase 1 to N Voltage,
Fed1U23,V,Fed1 Phase 2 to 3 Voltage,
Fed1U2n,V,Fed1 Phase 2 to N Voltage,
Fed1U31,V,Fed1 Phase 3 to 1 Voltage,
Fed1U3n,V,Fed1 Phase 3 to N Voltage,
Fed1Un,V,Fed1 Average Phase to Neutral Voltage,
Fed2E,kWh,Fed2 Energy,
Fed2ExpE,kWh,Fed2 Export Energy,
Fed2ExpP,kW,Fed2 Export Active Power,
Fed2ExpQh,kvarh,Fed2 Export Reactive Power Hours,
Fed2ExpS,kVA,Fed2 Export Apparent Power,
Fed2ExpSh,kVAh,Fed2 Export Apparent Power Hours,
Fed2I2,A,Fed2 Phase 2 Current,
Fed2I3,A,Fed2 Phase 3 Current,
Fed2ImpE,kWh,Fed2 Import Energy,
Fed2ImpP,kW,Fed2 Import Active Power,
Fed2ImpQh,kvarh,Fed2 Import Reactive Power Hours,
Fed2ImpS,kVA,Fed2 Import Apparent Power,
Fed2ImpSh,kVAh,Fed2 Import Apparent Power Hours,
Fed2P,kW,Fed2 Active Power,
Fed2Pf,pf,Fed2 Power Factor,
Fed2Qh,kvarh,Fed2 Reactive Power Hours,
Fed2S,kVA,Fed2 Apparent Power,
Fed2Sh,kVAh,Fed2 Apparent Power Hours,
Fed2U,V,Fed2 Average Phase to Phase Voltage,
Fed2U12,V,Fed2 Phase 1 to 2 Voltage,
Fed2U1n,V,Fed2 Phase 1 to N Voltage,
Fed2U23,V,Fed2 Phase 2 to 3 Voltage,
Fed2U2n,V,Fed2 Phase 2 to N Voltage,
Fed2U31,V,Fed2 Phase 3 to 1 Voltage,
Fed2U3n,V,Fed2 Phase 3 to N Voltage,
Fed2Un,V,Fed2 Average Phase to Neutral Voltage,
Fed3E,kWh,Fed3 Energy,
Fed3ExpE,kWh,Fed3 Export Energy,
Fed3ExpP,kW,Fed3 Export Active Power,
Fed3ExpQh,kvarh,Fed3 Export Reactive Power Hours,
Fed3ExpS,kVA,Fed3 Export Apparent Power,
Fed3ExpSh,kVAh,Fed3 Export Apparent Power Hours,
Fed3I2,A,Fed3 Phase 2 Current,
Fed3I3,A,Fed3 Phase 3 Current,
Fed3ImpE,kWh,Fed3 Import Energy,
Fed3ImpP,kW,Fed3 Import Active Power,
Fed3ImpQh,kvarh,Fed3 Import Reactive Power Hours,
Fed3ImpS,kVA,Fed3 Import Apparent Power,
Fed3ImpSh,kVAh,Fed3 Import Apparent Power Hours,
Fed3P,kW,Fed3 Active Power,
Fed3Pf,pf,Fed3 Power Factor,
Fed3Qh,kvarh,Fed3 Reactive Power Hours,
Fed3S,kVA,Fed3 Apparent Power,
Fed3Sh,kVAh,Fed3 Apparent Power Hours,
Fed3U,V,Fed3 Average Phase to Phase Voltage,
Fed3U12,V,Fed3 Phase 1 to 2 Voltage,
Fed3U1n,V,Fed3 Phase 1 to N Voltage,
Fed3U23,V,Fed3 Phase 2 to 3 Voltage,
Fed3U2n,V,Fed3 Phase 2 to N Voltage,
Fed3U31,V,Fed3 Phase 3 to 1 Voltage,
Fed3U3n,V,Fed3 Phase 3 to N Voltage,
Fed3Un,V,Fed3 Average Phase to Neutral Voltage,
Fed4E,kWh,Fed4 Energy,
Fed4ExpE,kWh,Fed4 Export Energy,
Fed4ExpP,kW,Fed4 Export Active Power,
Fed4ExpQh,kvarh,Fed4 Export Reactive Power Hours,
Fed4ExpS,kVA,Fed4 Export Apparent Power,
Fed4ExpSh,kVAh,Fed4 Export Apparent Power Hours,
Fed4I2,A,Fed4 Phase 2 Current,
Fed4I3,A,Fed4 Phase 3 Current,
Fed4ImpE,kWh,Fed4 Import Energy,
Fed4ImpP,kW,Fed4 Import Active Power,
Fed4ImpQh,kvarh,Fed4 Import Reactive Power Hours,
Fed4ImpS,kVA,Fed4 Import Apparent Power,
Fed4ImpSh,kVAh,Fed4 Import Apparent Power Hours,
Fed4P,kW,Fed4 Active Power,
Fed4Pf,pf,Fed4 Power Factor,
Fed4Qh,kvarh,Fed4 Reactive Power Hours,
Fed4S,kVA,Fed4 Apparent Power,
Fed4Sh,kVAh,Fed4 Apparent Power Hours,
Fed4U,V,Fed4 Average Phase to Phase Voltage,
Fed4U12,V,Fed4 Phase 1 to 2 Voltage,
Fed4U1n,V,Fed4 Phase 1 to N Voltage,
Fed4U23,V,Fed4 Phase 2 to 3 Voltage,
Fed4U2n,V,Fed4 Phase 2 to N Voltage,
Fed4U31,V,Fed4 Phase 3 to 1 Voltage,
Fed4U3n,V,Fed4 Phase 3 to N Voltage,
Fed4Un,V,Fed4 Average Phase to Neutral Voltage,
FedE,kWh,Feeder Energy,
FedExpE,kWh,Feeder Export Energy,
FedExpP,kW,Feeder Export Active Power,
FedExpQh,kvarh,Feeder Export Reactive Power Hours,
FedExpS,kVA,Feeder Export Apparent Power,
FedExpSh,kVAh,Feeder Export Apparent Power Hours,
FedI2,A,Feeder Phase 2 Current,
FedI3,A,Feeder Phase 3 Current,
FedImpE,kWh,Feeder Import Energy,
FedImpP,kW,Feeder Import Active Power,
FedImpQh,kvarh,Feeder Import Reactive Power Hours,
FedImpS,kVA,Feeder Import Apparent Power,
FedImpSh,kVAh,Feeder Import Apparent Power Hours,
FedP,kW,Feeder Active Power,
FedPf,pf,Feeder Power Factor,
FedQh,kvarh,Feeder Reactive Power Hours,
FedS,kVA,Feeder Apparent Power,
FedSh,kVAh,Feeder Apparent Power Hours,
FedU,V,Feeder Average Phase to Phase Voltage,
FedU12,V,Feeder Phase 1 to 2 Voltage,
FedU1n,V,Feeder Phase 1 to N Voltage,
FedU23,V,Feeder Phase 2 to 3 Voltage,
FedU2n,V,Feeder Phase 2 to N Voltage,
FedU31,V,Feeder Phase 3 to 1 Voltage,
FedU3n,V,Feeder Phase 3 to N Voltage,
FedUn,V,Feeder Average Phase to Neutral Voltage,
Gen1E,kWh,Gen1 Energy,
Gen1ExpE,kWh,Gen1 Export Energy,
Gen1ExpP,kW,Gen1 Export Active Power,
Gen1ExpQh,kvarh,Gen1 Export Reactive Power Hours,
Gen1ExpS,kVA,Gen1 Export Apparent Power,
Gen1ExpSh,kVAh,Gen1 Export Apparent Power Hours,
Gen1I2,A,Gen1 Phase 2 Current,
Gen1I3,A,Gen1 Phase 3 Current,
Gen1ImpE,kWh,Gen1 Import Energy,
Gen1ImpP,kW,Gen1 Import Active Power,
Gen1ImpQh,kvarh,Gen1 Import Reactive Power Hours,
Gen1ImpS,kVA,Gen1 Import Apparent Power,
Gen1ImpSh,kVAh,Gen1 Import Apparent Power Hours,
Gen1P,kW,Gen1 Active Power,
Gen1Pf,pf,Gen1 Power Factor,
Gen1Qh,kvarh,Gen1 Reactive Power Hours,
Gen1S,kVA,Gen1 Apparent Power,
Gen1Sh,kVAh,Gen1 Apparent Power Hours,
Gen1U,V,Gen1 Average Phase to Phase Voltage,
Gen1U12,V,Gen1 Phase 1 to 2 Voltage,
Gen1U1n,V,Gen1 Phase 1 to N Voltage,
Gen1U23,V,Gen1 Phase 2 to 3 Voltage,
Gen1U2n,V,Gen1 Phase 2 to N Voltage,
Gen1U31,V,Gen1 Phase 3 to 1 Voltage,
Gen1U3n,V,Gen1 Phase 3 to N Voltage,
Gen1Un,V,Gen1 Average Phase to Neutral Voltage,
Gen2E,kWh,Gen2 Energy,
Gen2ExpE,kWh,Gen2 Export Energy,
Gen2ExpP,kW,Gen2 Export Active Power,
Gen2ExpQh,kvarh,Gen2 Export Reactive Power Hours,
Gen2ExpS,kVA,Gen2 Export Apparent Power,
Gen2ExpSh,kVAh,Gen2 Export Apparent Power Hours,
Gen2I2,A,Gen2 Phase 2 Current,
Gen2I3,A,Gen2 Phase 3 Current,
Gen2ImpE,kWh,Gen2 Import Energy,
Gen2ImpP,kW,Gen2 Import Active Power,
Gen2ImpQh,kvarh,Gen2 Import Reactive Power Hours,
Gen2ImpS,kVA,Gen2 Import Apparent Power,
Gen2ImpSh,kVAh,Gen2 Import Apparent Power Hours,
Gen2P,kW,Gen2 Active Power,
Gen2Pf,pf,Gen2 Power Factor,
Gen2Qh,kvarh,Gen2 Reactive Power Hours,
Gen2S,kVA,Gen2 Apparent Power,
Gen2Sh,kVAh,Gen2 Apparent Power Hours,
Gen2U,V,Gen2 Average Phase to Phase Voltage,
Gen2U12,V,Gen2 Phase 1 to 2 Voltage,
Gen2U1n,V,Gen2 Phase 1 to N Voltage,
Gen2U23,V,Gen2 Phase 2 to 3 Voltage,
Gen2U2n,V,Gen2 Phase 2 to N Voltage,
Gen2U31,V,Gen2 Phase 3 to 1 Voltage,
Gen2U3n,V,Gen2 Phase 3 to N Voltage,
Gen2Un,V,Gen2 Average Phase to Neutral Voltage,
Gen3E,kWh,Gen3 Energy,
Gen3ExpE,kWh,Gen3 Export Energy,
Gen3ExpP,kW,Gen3 Export Active Power,
Gen3ExpQh,kvarh,Gen3 Export Reactive Power Hours,
Gen3ExpS,kVA,Gen3 Export Apparent Power,
Gen3ExpSh,kVAh,Gen3 Export Apparent Power Hours,
Gen3I2,A,Gen3 Phase 2 Current,
Gen3I3,A,Gen3 Phase 3 Current,
Gen3ImpE,kWh,Gen3 Import Energy,
Gen3ImpP,kW,Gen3 Import Active Power,
Gen3ImpQh,kvarh,Gen3 Import Reactive Power Hours,
Gen3ImpS,kVA,Gen3 Import Apparent Power,
Gen3ImpSh,kVAh,Gen3 Import Apparent Power Hours,
Gen3P,kW,Gen3 Active Power,
Gen3Pf,pf,Gen3 Power Factor,
Gen3Qh,kvarh,Gen3 Reactive Power Hours,
Gen3S,kVA,Gen3 Apparent Power,
Gen3Sh,kVAh,Gen3 Apparent Power Hours,
Gen3U,V,Gen3 Average Phase to Phase Voltage,
Gen3U12,V,Gen3 Phase 1 to 2 Voltage,
Gen3U1n,V,Gen3 Phase 1 to N Voltage,
Gen3U23,V,Gen3 Phase 2 to 3 Voltage,
Gen3U2n,V,Gen3 Phase 2 to N Voltage,
Gen3U31,V,Gen3 Phase 3 to 1 Voltage,
Gen3U3n,V,Gen3 Phase 3 to N Voltage,
Gen3Un,V,Gen3 Average Phase to Neutral Voltage,
Gen4E,kWh,Gen4 Energy,
Gen4ExpE,kWh,Gen4 Export Energy,
Gen4ExpP,kW,Gen4 Export Active Power,
Gen4ExpQh,kvarh,Gen4 Export Reactive Power Hours,
Gen4ExpS,kVA,Gen4 Export Apparent Power,
Gen4ExpSh,kVAh,Gen4 Export Apparent Power Hours,
Gen4I2,A,Gen4 Phase 2 Current,
Gen4I3,A,Gen4 Phase 3 Current,
Gen4ImpE,kWh,Gen4 Import Energy,
Gen4ImpP,kW,Gen4 Import Active Power,
Gen4ImpQh,kvarh,Gen4 Import Reactive Power Hours,
Gen4ImpS,kVA,Gen4 Import Apparent Power,
Gen4ImpSh,kVAh,Gen4 Import Apparent Power Hours,
Gen4P,kW,Gen4 Active Power,
Gen4Pf,pf,Gen4 Power Factor,
Gen4Qh,kvarh,Gen4 Reactive Power Hours,
Gen4S,kVA,Gen4 Apparent Power,
Gen4Sh,kVAh,Gen4 Apparent Power Hours,
Gen4U,V,Gen4 Average Phase to Phase Voltage,
Gen4U12,V,Gen4 Phase 1 to 2 Voltage,
Gen4U1n,V,Gen4 Phase 1 to N Voltage,
Gen4U23,V,Gen4 Phase 2 to 3 Voltage,
Gen4U2n,V,Gen4 Phase 2 to N Voltage,
Gen4U31,V,Gen4 Phase 3 to 1 Voltage,
Gen4U3n,V,Gen4 Phase 3 to N Voltage,
Gen4Un,V,Gen4 Average Phase to Neutral Voltage,
GenE,kWh,Generator Energy,
GenExpE,kWh,Generator Export Energy,
GenExpP,kW,Generator Export Active Power,
GenExpQh,kvarh,Generator Export Reactive Power Hours,
GenExpS,kVA,Generator Export Apparent Power,
GenExpSh,kVAh,Generator Export Apparent Power Hours,
GenI2,A,Generator Phase 2 Current,
GenI3,A,Generator Phase 3 Current,
GenImpE,kWh,Generator Import Energy,
GenImpP,kW,Generator Import Active Power,
GenImpQh,kvarh,Generator Import Reactive Power Hours,
GenImpS,kVA,Generator Import Apparent Power,
GenImpSh,kVAh,Generator Import Apparent Power Hours,
GenP,kW,Generator Active Power,
GenPf,pf,Generator Power Factor,
GenQh,kvarh,Generator Reactive Power Hours,
GenS,kVA,Generator Apparent Power,
GenSh,kVAh,Generator Apparent Power Hours,
GenU,V,Generator Average Phase to Phase Voltage,
GenU12,V,Generator Phase 1 to 2 Voltage,
GenU1n,V,Generator Phase 1 to N Voltage,
GenU23,V,Generator Phase 2 to 3 Voltage,
GenU2n,V,Generator Phase 2 to N Voltage,
GenU31,V,Generator Phase 3 to 1 Voltage,
GenU3n,V,Generator Phase 3 to N Voltage,
GenUn,V,Generator Average Phase to Neutral Voltage,
Load1E,kWh,Load1 Energy,
Load1ExpE,kWh,Load1 Export Energy,
Load1ExpP,kW,Load1 Export Active Power,
Load1ExpQh,kvarh,Load1 Export Reactive Power Hours,
Load1ExpS,kVA,Load1 Export Apparent Power,
Load1ExpSh,kVAh,Load1 Export Apparent Power Hours,
Load1I2,A,Load1 Phase 2 Current,
Load1I3,A,Load1 Phase 3 Current,
Load1ImpE,kWh,Load1 Import Energy,
Load1ImpP,kW,Load1 Import Active Power,
Load1ImpQh,kvarh,Load1 Import Reactive Power Hours,
Load1ImpS,kVA,Load1 Import Apparent Power,
Load1ImpSh,kVAh,Load1 Import Apparent Power Hours,
Load1P,kW,Load1 Active Power,
Load1Pf,pf,Load1 Power Factor,
Load1Qh,kvarh,Load1 Reactive Power Hours,
Load1S,kVA,Load1 Apparent Power,
Load1Sh,kVAh,Load1 Apparent Power Hours,
Load1U,V,Load1 Average Phase to Phase Voltage,
Load1U12,V,Load1 Phase 1 to 2 Voltage,
Load1U1n,V,Load1 Phase 1 to N Voltage,
Load1U23,V,Load1 Phase 2 to 3 Voltage,
Load1U2n,V,Load1 Phase 2 to N Voltage,
Load1U31,V,Load1 Phase 3 to 1 Voltage,
Load1U3n,V,Load1 Phase 3 to N Voltage,
Load1Un,V,Load1 Average Phase to Neutral Voltage,
Load2E,kWh,Load2 Energy,
Load2ExpE,kWh,Load2 Export Energy,
Load2ExpP,kW,Load2 Export Active Power,
Load2ExpQh,kvarh,Load2 Export Reactive Power Hours,
Load2ExpS,kVA,Load2 Export Apparent Power,
Load2ExpSh,kVAh,Load2 Export Apparent Power Hours,
Load2I2,A,Load2 Phase 2 Current,
Load2I3,A,Load2 Phase 3 Current,
Load2ImpE,kWh,Load2 Import Energy,
Load2ImpP,kW,Load2 Import Active Power,
Load2ImpQh,kvarh,Load2 Import Reactive Power Hours,
Load2ImpS,kVA,Load2 Import Apparent Power,
Load2ImpSh,kVAh,Load2 Import Apparent Power Hours,
Load2P,kW,Load2 Active Power,
Load2Pf,pf,Load2 Power Factor,
Load2Qh,kvarh,Load2 Reactive Power Hours,
Load2S,kVA,Load2 Apparent Power,
Load2Sh,kVAh,Load2 Apparent Power Hours,
Load2U,V,Load2 Average Phase to Phase Voltage,
Load2U12,V,Load2 Phase 1 to 2 Voltage,
Load2U1n,V,Load2 Phase 1 to N Voltage,
Load2U23,V,Load2 Phase 2 to 3 Voltage,
Load2U2n,V,Load2 Phase 2 to N Voltage,
Load2U31,V,Load2 Phase 3 to 1 Voltage,
Load2U3n,V,Load2 Phase 3 to N Voltage,
Load2Un,V,Load2 Average Phase to Neutral Voltage,
LoadE,kWh,Load Energy,
LoadExpE,kWh,Load Export Energy,
LoadExpP,kW,Load Export Active Power,
LoadExpQh,kvarh,Load Export Reactive Power Hours,
LoadExpS,kVA,Load Export Apparent Power,
LoadExpSh,kVAh,Load Export Apparent Power Hours,
LoadI2,A,Load Phase 2 Current,
LoadI3,A,Load Phase 3 Current,
LoadImpE,kWh,Load Import Energy,
LoadImpP,kW,Load Import Active Power,
LoadImpQh,kvarh,Load Import Reactive Power Hours,
LoadImpS,kVA,Load Import Apparent Power,
LoadImpSh,kVAh,Load Import Apparent Power Hours,
LoadP,kW,Load Active Power,
LoadPf,pf,Load Power Factor,
LoadQh,kvarh,Load Reactive Power Hours,
LoadS,kVA,Load Apparent Power,
LoadSh,kVAh,Load Apparent Power Hours,
LoadU,V,Load Average Phase to Phase Voltage,
LoadU12,V,Load Phase 1 to 2 Voltage,
LoadU1n,V,Load Phase 1 to N Voltage,
LoadU23,V,Load Phase 2 to 3 Voltage,
LoadU2n,V,Load Phase 2 to N Voltage,
LoadU31,V,Load Phase 3 to 1 Voltage,
LoadU3n,V,Load Phase 3 to N Voltage,
LoadUn,V,Load Average Phase to Neutral Voltage,
Pcc1E,kWh,Pcc1 Energy,
Pcc1ExpE,kWh,Pcc1 Export Energy,
Pcc1ExpP,kW,Pcc1 Export Active Power,
Pcc1ExpQh,kvarh,Pcc1 Export Reactive Power Hours,
Pcc1ExpS,kVA,Pcc1 Export Apparent Power,
Pcc1ExpSh,kVAh,Pcc1 Export Apparent Power Hours,
Pcc1I2,A,Pcc1 Phase 2 Current,
Pcc1I3,A,Pcc1 Phase 3 Current,
Pcc1ImpE,kWh,Pcc1 Import Energy,
Pcc1ImpP,kW,Pcc1 Import Active Power,
Pcc1ImpQh,kvarh,Pcc1 Import Reactive Power Hours,
Pcc1ImpS,kVA,Pcc1 Import Apparent Power,
Pcc1ImpSh,kVAh,Pcc1 Import Apparent Power Hours,
Pcc1P,kW,Pcc1 Active Power,
Pcc1Pf,pf,Pcc1 Power Factor,
Pcc1Qh,kvarh,Pcc1 Reactive Power Hours,
Pcc1S,kVA,Pcc1 Apparent Power,
Pcc1Sh,kVAh,Pcc1 Apparent Power Hours,
Pcc1U,V,Pcc1 Average Phase to Phase Voltage,
Pcc1U12,V,Pcc1 Phase 1 to 2 Voltage,
Pcc1U1n,V,Pcc1 Phase 1 to N Voltage,
Pcc1U23,V,Pcc1 Phase 2 to 3 Voltage,
Pcc1U2n,V,Pcc1 Phase 2 to N Voltage,
Pcc1U31,V,Pcc1 Phase 3 to 1 Voltage,
Pcc1U3n,V,Pcc1 Phase 3 to N Voltage,
Pcc1Un,V,Pcc1 Average Phase to Neutral Voltage,
Pcc2E,kWh,Pcc2 Energy,
Pcc2ExpE,kWh,Pcc2 Export Energy,
Pcc2ExpP,kW,Pcc2 Export Active Power,
Pcc2ExpQh,kvarh,Pcc2 Export Reactive Power Hours,
Pcc2ExpS,kVA,Pcc2 Export Apparent Power,
Pcc2ExpSh,kVAh,Pcc2 Export Apparent Power Hours,
Pcc2I2,A,Pcc2 Phase 2 Current,
Pcc2I3,A,Pcc2 Phase 3 Current,
Pcc2ImpE,kWh,Pcc2 Import Energy,
Pcc2ImpP,kW,Pcc2 Import Active Power,
Pcc2ImpQh,kvarh,Pcc2 Import Reactive Power Hours,
Pcc2ImpS,kVA,Pcc2 Import Apparent Power,
Pcc2ImpSh,kVAh,Pcc2 Import Apparent Power Hours,
Pcc2P,kW,Pcc2 Active Power,
Pcc2Pf,pf,Pcc2 Power Factor,
Pcc2Qh,kvarh,Pcc2 Reactive Power Hours,
Pcc2S,kVA,Pcc2 Apparent Power,
Pcc2Sh,kVAh,Pcc2 Apparent Power Hours,
Pcc2U,V,Pcc2 Average Phase to Phase Voltage,
Pcc2U12,V,Pcc2 Phase 1 to 2 Voltage,
Pcc2U1n,V,Pcc2 Phase 1 to N Voltage,
Pcc2U23,V,Pcc2 Phase 2 to 3 Voltage,
Pcc2U2n,V,Pcc2 Phase 2 to N Voltage,
Pcc2U31,V,Pcc2 Phase 3 to 1 Voltage,
Pcc2U3n,V,Pcc2 Phase 3 to N Voltage,
Pcc2Un,V,Pcc2 Average Phase to Neutral Voltage,
Pcc3E,kWh,Pcc3 Energy,
Pcc3ExpE,kWh,Pcc3 Export Energy,
Pcc3ExpP,kW,Pcc3 Export Active Power,
Pcc3ExpQh,kvarh,Pcc3 Export Reactive Power Hours,
Pcc3ExpS,kVA,Pcc3 Export Apparent Power,
Pcc3ExpSh,kVAh,Pcc3 Export Apparent Power Hours,
Pcc3I2,A,Pcc3 Phase 2 Current,
Pcc3I3,A,Pcc3 Phase 3 Current,
Pcc3ImpE,kWh,Pcc3 Import Energy,
Pcc3ImpP,kW,Pcc3 Import Active Power,
Pcc3ImpQh,kvarh,Pcc3 Import Reactive Power Hours,
Pcc3ImpS,kVA,Pcc3 Import Apparent Power,
Pcc3ImpSh,kVAh,Pcc3 Import Apparent Power Hours,
Pcc3P,kW,Pcc3 Active Power,
Pcc3Pf,pf,Pcc3 Power Factor,
Pcc3Qh,kvarh,Pcc3 Reactive Power Hours,
Pcc3S,kVA,Pcc3 Apparent Power,
Pcc3Sh,kVAh,Pcc3 Apparent Power Hours,
Pcc3U,V,Pcc3 Average Phase to Phase Voltage,
Pcc3U12,V,Pcc3 Phase 1 to 2 Voltage,
Pcc3U1n,V,Pcc3 Phase 1 to N Voltage,
Pcc3U23,V,Pcc3 Phase 2 to 3 Voltage,
Pcc3U2n,V,Pcc3 Phase 2 to N Voltage,
Pcc3U31,V,Pcc3 Phase 3 to 1 Voltage,
Pcc3U3n,V,Pcc3 Phase 3 to N Voltage,
Pcc3Un,V,Pcc3 Average Phase to Neutral Voltage,
Pcc4E,kWh,Pcc4 Energy,
Pcc4ExpE,kWh,Pcc4 Export Energy,
Pcc4ExpP,kW,Pcc4 Export Active Power,
Pcc4ExpQh,kvarh,Pcc4 Export Reactive Power Hours,
Pcc4ExpS,kVA,Pcc4 Export Apparent Power,
Pcc4ExpSh,kVAh,Pcc4 Export Apparent Power Hours,
Pcc4I2,A,Pcc4 Phase 2 Current,
Pcc4I3,A,Pcc4 Phase 3 Current,
Pcc4ImpE,kWh,Pcc4 Import Energy,
Pcc4ImpP,kW,Pcc4 Import Active Power,
Pcc4ImpQh,kvarh,Pcc4 Import Reactive Power Hours,
Pcc4ImpS,kVA,Pcc4 Import Apparent Power,
Pcc4ImpSh,kVAh,Pcc4 Import Apparent Power Hours,
Pcc4P,kW,Pcc4 Active Power,
Pcc4Pf,pf,Pcc4 Power Factor,
Pcc4Qh,kvarh,Pcc4 Reactive Power Hours,
Pcc4S,kVA,Pcc4 Apparent Power,
Pcc4Sh,kVAh,Pcc4 Apparent Power Hours,
Pcc4U,V,Pcc4 Average Phase to Phase Voltage,
Pcc4U12,V,Pcc4 Phase 1 to 2 Voltage,
Pcc4U1n,V,Pcc4 Phase 1 to N Voltage,
Pcc4U23,V,Pcc4 Phase 2 to 3 Voltage,
Pcc4U2n,V,Pcc4 Phase 2 to N Voltage,
Pcc4U31,V,Pcc4 Phase 3 to 1 Voltage,
Pcc4U3n,V,Pcc4 Phase 3 to N Voltage,
Pcc4Un,V,Pcc4 Average Phase to Neutral Voltage,
PccE,kWh,Point of Common Coupling Energy,
PccExpE,kWh,Point of Common Coupling Export Energy,
PccExpP,kW,Point of Common Coupling Export Active Power,
PccExpQh,kvarh,Point of Common Coupling Export Reactive Power Hours,
PccExpS,kVA,Point of Common Coupling Export Apparent Power,
PccExpSh,kVAh,Point of Common Coupling Export Apparent Power Hours,
PccI2,A,Point of Common Coupling Phase 2 Current,
PccI3,A,Point of Common Coupling Phase 3 Current,
PccImpE,kWh,Point of Common Coupling Import Energy,
PccImpP,kW,Point of Common Coupling Import Active Power,
PccImpQh,kvarh,Point of Common Coupling Import Reactive Power Hours,
PccImpS,kVA,Point of Common Coupling Import Apparent Power,
PccImpSh,kVAh,Point of Common Coupling Import Apparent Power Hours,
PccP,kW,Point of Common Coupling Active Power,
PccPf,pf,Point of Common Coupling Power Factor,
PccQh,kvarh,Point of Common Coupling Reactive Power Hours,
PccS,kVA,Point of Common Coupling Apparent Power,
PccSh,kVAh,Point of Common Coupling Apparent Power Hours,
PccU,V,Point of Common Coupling Average Phase to Phase Voltage,
PccU12,V,Point of Common Coupling Phase 1 to 2 Voltage,
PccU1n,V,Point of Common Coupling Phase 1 to N Voltage,
PccU23,V,Point of Common Coupling Phase 2 to 3 Voltage,
PccU2n,V,Point of Common Coupling Phase 2 to N Voltage,
PccU31,V,Point of Common Coupling Phase 3 to 1 Voltage,
PccU3n,V,Point of Common Coupling Phase 3 to N Voltage,
PccUn,V,Point of Common Coupling Average Phase to Neutral Voltage,
Pv1AvailP,kW,Pv1 Available Active Power,
Pv1E,kWh,Pv1 Energy,
Pv1ExpE,kWh,Pv1 Export Energy,
Pv1ExpP,kW,Pv1 Export Active Power,
Pv1ExpQh,kvarh,Pv1 Export Reactive Power Hours,
Pv1ExpS,kVA,Pv1 Export Apparent Power,
Pv1ExpSh,kVAh,Pv1 Export Apparent Power Hours,
Pv1I2,A,Pv1 Phase 2 Current,
Pv1I3,A,Pv1 Phase 3 Current,
Pv1ImpE,kWh,Pv1 Import Energy,
Pv1ImpP,kW,Pv1 Import Active Power,
Pv1ImpQh,kvarh,Pv1 Import Reactive Power Hours,
Pv1ImpS,kVA,Pv1 Import Apparent Power,
Pv1ImpSh,kVAh,Pv1 Import Apparent Power Hours,
Pv1P,kW,Pv1 Active Power,
Pv1Pf,pf,Pv1 Power Factor,
Pv1Qh,kvarh,Pv1 Reactive Power Hours,
Pv1S,kVA,Pv1 Apparent Power,
Pv1SetP,kW,Pv1 Setpoint Active Power,
Pv1SetQ,Reactive Power,Pv1 Setpoint Reactive Power at nominated PCC,
Pv1Sh,kVAh,Pv1 Apparent Power Hours,
Pv1SpillP,kW,Pv1 Spill Active Power,
Pv1U,V,Pv1 Average Phase to Phase Voltage,
Pv1U12,V,Pv1 Phase 1 to 2 Voltage,
Pv1U1n,V,Pv1 Phase 1 to N Voltage,
Pv1U23,V,Pv1 Phase 2 to 3 Voltage,
Pv1U2n,V,Pv1 Phase 2 to N Voltage,
Pv1U31,V,Pv1 Phase 3 to 1 Voltage,
Pv1U3n,V,Pv1 Phase 3 to N Voltage,
Pv1Un,V,Pv1 Average Phase to Neutral Voltage,
Pv2AvailP,kW,Pv2 Available Active Power,
Pv2E,kWh,Pv2 Energy,
Pv2ExpE,kWh,Pv2 Export Energy,
Pv2ExpP,kW,Pv2 Export Active Power,
Pv2ExpQh,kvarh,Pv2 Export Reactive Power Hours,
Pv2ExpS,kVA,Pv2 Export Apparent Power,
Pv2ExpSh,kVAh,Pv2 Export Apparent Power Hours,
Pv2I2,A,Pv2 Phase 2 Current,
Pv2I3,A,Pv2 Phase 3 Current,
Pv2ImpE,kWh,Pv2 Import Energy,
Pv2ImpP,kW,Pv2 Import Active Power,
Pv2ImpQh,kvarh,Pv2 Import Reactive Power Hours,
Pv2ImpS,kVA,Pv2 Import Apparent Power,
Pv2ImpSh,kVAh,Pv2 Import Apparent Power Hours,
Pv2P,kW,Pv2 Active Power,
Pv2Pf,pf,Pv2 Power Factor,
Pv2Qh,kvarh,Pv2 Reactive Power Hours,
Pv2S,kVA,Pv2 Apparent Power,
Pv2SetP,kW,Pv2 Setpoint Active Power,
Pv2SetQ,Reactive Power,Pv2 Setpoint Reactive Power at nominated PCC,
Pv2Sh,kVAh,Pv2 Apparent Power Hours,
Pv2SpillP,kW,Pv2 Spill Active Power,
Pv2U,V,Pv2 Average Phase to Phase Voltage,
Pv2U12,V,Pv2 Phase 1 to 2 Voltage,
Pv2U1n,V,Pv2 Phase 1 to N Voltage,
Pv2U23,V,Pv2 Phase 2 to 3 Voltage,
Pv2U2n,V,Pv2 Phase 2 to N Voltage,
Pv2U31,V,Pv2 Phase 3 to 1 Voltage,
Pv2U3n,V,Pv2 Phase 3 to N Voltage,
Pv2Un,V,Pv2 Average Phase to Neutral Voltage,
Pv3AvailP,kW,Pv3 Available Active Power,
Pv3E,kWh,Pv3 Energy,
Pv3ExpE,kWh,Pv3 Export Energy,
Pv3ExpP,kW,Pv3 Export Active Power,
Pv3ExpQh,kvarh,Pv3 Export Reactive Power Hours,
Pv3ExpS,kVA,Pv3 Export Apparent Power,
Pv3ExpSh,kVAh,Pv3 Export Apparent Power Hours,
Pv3I2,A,Pv3 Phase 2 Current,
Pv3I3,A,Pv3 Phase 3 Current,
Pv3ImpE,kWh,Pv3 Import Energy,
Pv3ImpP,kW,Pv3 Import Active Power,
Pv3ImpQh,kvarh,Pv3 Import Reactive Power Hours,
Pv3ImpS,kVA,Pv3 Import Apparent Power,
Pv3ImpSh,kVAh,Pv3 Import Apparent Power Hours,
Pv3P,kW,Pv3 Active Power,
Pv3Pf,pf,Pv3 Power Factor,
Pv3Qh,kvarh,Pv3 Reactive Power Hours,
Pv3S,kVA,Pv3 Apparent Power,
Pv3SetP,kW,Pv3 Setpoint Active Power,
Pv3SetQ,Reactive Power,Pv3 Setpoint Reactive Power at nominated PCC,
Pv3Sh,kVAh,Pv3 Apparent Power Hours,
Pv3SpillP,kW,Pv3 Spill Active Power,
Pv3U,V,Pv3 Average Phase to Phase Voltage,
Pv3U12,V,Pv3 Phase 1 to 2 Voltage,
Pv3U1n,V,Pv3 Phase 1 to N Voltage,
Pv3U23,V,Pv3 Phase 2 to 3 Voltage,
Pv3U2n,V,Pv3 Phase 2 to N Voltage,
Pv3U31,V,Pv3 Phase 3 to 1 Voltage,
Pv3U3n,V,Pv3 Phase 3 to N Voltage,
Pv3Un,V,Pv3 Average Phase to Neutral Voltage,
Pv4AvailP,kW,Pv4 Available Active Power,
Pv4E,kWh,Pv4 Energy,
Pv4ExpE,kWh,Pv4 Export Energy,
Pv4ExpP,kW,Pv4 Export Active Power,
Pv4ExpQh,kvarh,Pv4 Export Reactive Power Hours,
Pv4ExpS,kVA,Pv4 Export Apparent Power,
Pv4ExpSh,kVAh,Pv4 Export Apparent Power Hours,
Pv4I2,A,Pv4 Phase 2 Current,
Pv4I3,A,Pv4 Phase 3 Current,
Pv4ImpE,kWh,Pv4 Import Energy,
Pv4ImpP,kW,Pv4 Import Active Power,
Pv4ImpQh,kvarh,Pv4 Import Reactive Power Hours,
Pv4ImpS,kVA,Pv4 Import Apparent Power,
Pv4ImpSh,kVAh,Pv4 Import Apparent Power Hours,
Pv4P,kW,Pv4 Active Power,
Pv4Pf,pf,Pv4 Power Factor,
Pv4Qh,kvarh,Pv4 Reactive Power Hours,
Pv4S,kVA,Pv4 Apparent Power,
Pv4SetP,kW,Pv4 Setpoint Active Power,
Pv4SetQ,Reactive Power,Pv4 Setpoint Reactive Power at nominated PCC,
Pv4Sh,kVAh,Pv4 Apparent Power Hours,
Pv4SpillP,kW,Pv4 Spill Active Power,
Pv4U,V,Pv4 Average Phase to Phase Voltage,
Pv4U12,V,Pv4 Phase 1 to 2 Voltage,
Pv4U1n,V,Pv4 Phase 1 to N Voltage,
Pv4U23,V,Pv4 Phase 2 to 3 Voltage,
Pv4U2n,V,Pv4 Phase 2 to N Voltage,
Pv4U31,V,Pv4 Phase 3 to 1 Voltage,
Pv4U3n,V,Pv4 Phase 3 to N Voltage,
Pv4Un,V,Pv4 Average Phase to Neutral Voltage,
PvAvailP,kW,Photovoltaic Generator Available Active Power,
PvE,kWh,Photovoltaic Generator Energy,
PvExpE,kWh,Photovoltaic Generator Export Energy,
PvExpP,kW,Photovoltaic Generator Export Active Power,
PvExpQh,kvarh,Photovoltaic Generator Export Reactive Power Hours,
PvExpS,kVA,Photovoltaic Generator Export Apparent Power,
PvExpSh,kVAh,Photovoltaic Generator Export Apparent Power Hours,
PvI2,A,Photovoltaic Generator Phase 2 Current,
PvI3,A,Photovoltaic Generator Phase 3 Current,
PvImpE,kWh,Photovoltaic Generator Import Energy,
PvImpP,kW,Photovoltaic Generator Import Active Power,
PvImpQh,kvarh,Photovoltaic Generator Import Reactive Power Hours,
PvImpS,kVA,Photovoltaic Generator Import Apparent Power,
PvImpSh,kVAh,Photovoltaic Generator Import Apparent Power Hours,
PvP,kW,Photovoltaic Generator Active Power,
PvPf,pf,Photovoltaic Generator Power Factor,
PvQh,kvarh,Photovoltaic Generator Reactive Power Hours,
PvS,kVA,Photovoltaic Generator Apparent Power,
PvSetP,kW,Photovoltaic Generator Setpoint Active Power,
PvSetQ,Reactive Power,Photovoltaic Generator Setpoint Reactive Power at nominated PCC,
PvSh,kVAh,Photovoltaic Generator Apparent Power Hours,
PvSpillP,kW,Photovoltaic Generator Spill Active Power,
PvU,V,Photovoltaic Generator Average Phase to Phase Voltage,
PvU12,V,Photovoltaic Generator Phase 1 to 2 Voltage,
PvU1n,V,Photovoltaic Generator Phase 1 to N Voltage,
PvU23,V,Photovoltaic Generator Phase 2 to 3 Voltage,
PvU2n,V,Photovoltaic Generator Phase 2 to N Voltage,
PvU31,V,Photovoltaic Generator Phase 3 to 1 Voltage,
PvU3n,V,Photovoltaic Generator Phase 3 to N Voltage,
PvUn,V,Photovoltaic Generator Average Phase to Neutral Voltage,
SysE,kWh,System (Total) Energy,
SysExpE,kWh,System (Total) Export Energy,
SysExpP,kW,System (Total) Export Active Power,
SysExpQh,kvarh,System (Total) Export Reactive Power Hours,
SysExpS,kVA,System (Total) Export Apparent Power,
SysExpSh,kVAh,System (Total) Export Apparent Power Hours,
SysI2,A,System (Total) Phase 2 Current,
SysI3,A,System (Total) Phase 3 Current,
SysImpE,kWh,System (Total) Import Energy,
SysImpP,kW,System (Total) Import Active Power,
SysImpQh,kvarh,System (Total) Import Reactive Power Hours,
SysImpS,kVA,System (Total) Import Apparent Power,
SysImpSh,kVAh,System (Total) Import Apparent Power Hours,
SysP,kW,System (Total) Active Power,
SysPf,pf,System (Total) Power Factor,
SysQh,kvarh,System (Total) Reactive Power Hours,
SysS,kVA,System (Total) Apparent Power,
SysSh,kVAh,System (Total) Apparent Power Hours,
SysU,V,System (Total) Average Phase to Phase Voltage,
SysU12,V,System (Total) Phase 1 to 2 Voltage,
SysU1n,V,System (Total) Phase 1 to N Voltage,
SysU23,V,System (Total) Phase 2 to 3 Voltage,
SysU2n,V,System (Total) Phase 2 to N Voltage,
SysU31,V,System (Total) Phase 3 to 1 Voltage,
SysU3n,V,System (Total) Phase 3 to N Voltage,
SysUn,V,System (Total) Average Phase to Neutral Voltage,
Wtg1E,kWh,Wtg1 Energy,
Wtg1ExpE,kWh,Wtg1 Export Energy,
Wtg1ExpP,kW,Wtg1 Export Active Power,
Wtg1ExpQh,kvarh,Wtg1 Export Reactive Power Hours,
Wtg1ExpS,kVA,Wtg1 Export Apparent Power,
Wtg1ExpSh,kVAh,Wtg1 Export Apparent Power Hours,
Wtg1I2,A,Wtg1 Phase 2 Current,
Wtg1I3,A,Wtg1 Phase 3 Current,
Wtg1ImpE,kWh,Wtg1 Import Energy,
Wtg1ImpP,kW,Wtg1 Import Active Power,
Wtg1ImpQh,kvarh,Wtg1 Import Reactive Power Hours,
Wtg1ImpS,kVA,Wtg1 Import Apparent Power,
Wtg1ImpSh,kVAh,Wtg1 Import Apparent Power Hours,
Wtg1P,kW,Wtg1 Active Power,
Wtg1Pf,pf,Wtg1 Power Factor,
Wtg1Qh,kvarh,Wtg1 Reactive Power Hours,
Wtg1S,kVA,Wtg1 Apparent Power,
Wtg1Sh,kVAh,Wtg1 Apparent Power Hours,
Wtg1U,V,Wtg1 Average Phase to Phase Voltage,
Wtg1U12,V,Wtg1 Phase 1 to 2 Voltage,
Wtg1U1n,V,Wtg1 Phase 1 to N Voltage,
Wtg1U23,V,Wtg1 Phase 2 to 3 Voltage,
Wtg1U2n,V,Wtg1 Phase 2 to N Voltage,
Wtg1U31,V,Wtg1 Phase 3 to 1 Voltage,
Wtg1U3n,V,Wtg1 Phase 3 to N Voltage,
Wtg1Un,V,Wtg1 Average Phase to Neutral Voltage,
Wtg2E,kWh,Wtg2 Energy,
Wtg2ExpE,kWh,Wtg2 Export Energy,
Wtg2ExpP,kW,Wtg2 Export Active Power,
Wtg2ExpQh,kvarh,Wtg2 Export Reactive Power Hours,
Wtg2ExpS,kVA,Wtg2 Export Apparent Power,
Wtg2ExpSh,kVAh,Wtg2 Export Apparent Power Hours,
Wtg2I2,A,Wtg2 Phase 2 Current,
Wtg2I3,A,Wtg2 Phase 3 Current,
Wtg2ImpE,kWh,Wtg2 Import Energy,
Wtg2ImpP,kW,Wtg2 Import Active Power,
Wtg2ImpQh,kvarh,Wtg2 Import Reactive Power Hours,
Wtg2ImpS,kVA,Wtg2 Import Apparent Power,
Wtg2ImpSh,kVAh,Wtg2 Import Apparent Power Hours,
Wtg2P,kW,Wtg2 Active Power,
Wtg2Pf,pf,Wtg2 Power Factor,
Wtg2Qh,kvarh,Wtg2 Reactive Power Hours,
Wtg2S,kVA,Wtg2 Apparent Power,
Wtg2Sh,kVAh,Wtg2 Apparent Power Hours,
Wtg2U,V,Wtg2 Average Phase to Phase Voltage,
Wtg2U12,V,Wtg2 Phase 1 to 2 Voltage,
Wtg2U1n,V,Wtg2 Phase 1 to N Voltage,
Wtg2U23,V,Wtg2 Phase 2 to 3 Voltage,
Wtg2U2n,V,Wtg2 Phase 2 to N Voltage,
Wtg2U31,V,Wtg2 Phase 3 to 1 Voltage,
Wtg2U3n,V,Wtg2 Phase 3 to N Voltage,
Wtg2Un,V,Wtg2 Average Phase to Neutral Voltage,
Wtg3E,kWh,Wtg3 Energy,
Wtg3ExpE,kWh,Wtg3 Export Energy,
Wtg3ExpP,kW,Wtg3 Export Active Power,
Wtg3ExpQh,kvarh,Wtg3 Export Reactive Power Hours,
Wtg3ExpS,kVA,Wtg3 Export Apparent Power,
Wtg3ExpSh,kVAh,Wtg3 Export Apparent Power Hours,
Wtg3I2,A,Wtg3 Phase 2 Current,
Wtg3I3,A,Wtg3 Phase 3 Current,
Wtg3ImpE,kWh,Wtg3 Import Energy,
Wtg3ImpP,kW,Wtg3 Import Active Power,
Wtg3ImpQh,kvarh,Wtg3 Import Reactive Power Hours,
Wtg3ImpS,kVA,Wtg3 Import Apparent Power,
Wtg3ImpSh,kVAh,Wtg3 Import Apparent Power Hours,
Wtg3P,kW,Wtg3 Active Power,
Wtg3Pf,pf,Wtg3 Power Factor,
Wtg3Qh,kvarh,Wtg3 Reactive Power Hours,
Wtg3S,kVA,Wtg3 Apparent Power,
Wtg3Sh,kVAh,Wtg3 Apparent Power Hours,
Wtg3U,V,Wtg3 Average Phase to Phase Voltage,
Wtg3U12,V,Wtg3 Phase 1 to 2 Voltage,
Wtg3U1n,V,Wtg3 Phase 1 to N Voltage,
Wtg3U23,V,Wtg3 Phase 2 to 3 Voltage,
Wtg3U2n,V,Wtg3 Phase 2 to N Voltage,
Wtg3U31,V,Wtg3 Phase 3 to 1 Voltage,
Wtg3U3n,V,Wtg3 Phase 3 to N Voltage,
Wtg3Un,V,Wtg3 Average Phase to Neutral Voltage,
Wtg4E,kWh,Wtg4 Energy,
Wtg4ExpE,kWh,Wtg4 Export Energy,
Wtg4ExpP,kW,Wtg4 Export Active Power,
Wtg4ExpQh,kvarh,Wtg4 Export Reactive Power Hours,
Wtg4ExpS,kVA,Wtg4 Export Apparent Power,
Wtg4ExpSh,kVAh,Wtg4 Export Apparent Power Hours,
Wtg4I2,A,Wtg4 Phase 2 Current,
Wtg4I3,A,Wtg4 Phase 3 Current,
Wtg4ImpE,kWh,Wtg4 Import Energy,
Wtg4ImpP,kW,Wtg4 Import Active Power,
Wtg4ImpQh,kvarh,Wtg4 Import Reactive Power Hours,
Wtg4ImpS,kVA,Wtg4 Import Apparent Power,
Wtg4ImpSh,kVAh,Wtg4 Import Apparent Power Hours,
Wtg4P,kW,Wtg4 Active Power,
Wtg4Pf,pf,Wtg4 Power Factor,
Wtg4Qh,kvarh,Wtg4 Reactive Power Hours,
Wtg4S,kVA,Wtg4 Apparent Power,
Wtg4Sh,kVAh,Wtg4 Apparent Power Hours,
Wtg4U,V,Wtg4 Average Phase to Phase Voltage,
Wtg4U12,V,Wtg4 Phase 1 to 2 Voltage,
Wtg4U1n,V,Wtg4 Phase 1 to N Voltage,
Wtg4U23,V,Wtg4 Phase 2 to 3 Voltage,
Wtg4U2n,V,Wtg4 Phase 2 to N Voltage,
Wtg4U31,V,Wtg4 Phase 3 to 1 Voltage,
Wtg4U3n,V,Wtg4 Phase 3 to N Voltage,
Wtg4Un,V,Wtg4 Average Phase to Neutral Voltage,
WtgE,kWh,Wind Turbine Generator Energy,
WtgExpE,kWh,Wind Turbine Generator Export Energy,
WtgExpP,kW,Wind Turbine Generator Export Active Power,
WtgExpQh,kvarh,Wind Turbine Generator Export Reactive Power Hours,
WtgExpS,kVA,Wind Turbine Generator Export Apparent Power,
WtgExpSh,kVAh,Wind Turbine Generator Export Apparent Power Hours,
WtgI2,A,Wind Turbine Generator Phase 2 Current,
WtgI3,A,Wind Turbine Generator Phase 3 Current,
WtgImpE,kWh,Wind Turbine Generator Import Energy,
WtgImpP,kW,Wind Turbine Generator Import Active Power,
WtgImpQh,kvarh,Wind Turbine Generator Import Reactive Power Hours,
WtgImpS,kVA,Wind Turbine Generator Import Apparent Power,
WtgImpSh,kVAh,Wind Turbine Generator Import Apparent Power Hours,
WtgP,kW,Wind Turbine Generator Active Power,
WtgPf,pf,Wind Turbine Generator Power Factor,
WtgQh,kvarh,Wind Turbine Generator Reactive Power Hours,
WtgS,kVA,Wind Turbine Generator Apparent Power,
WtgSh,kVAh,Wind Turbine Generator Apparent Power Hours,
WtgU,V,Wind Turbine Generator Average Phase to Phase Voltage,
WtgU12,V,Wind Turbine Generator Phase 1 to 2 Voltage,
WtgU1n,V,Wind Turbine Generator Phase 1 to N Voltage,
WtgU23,V,Wind Turbine Generator Phase 2 to 3 Voltage,
WtgU2n,V,Wind Turbine Generator Phase 2 to N Voltage,
WtgU31,V,Wind Turbine Generator Phase 3 to 1 Voltage,
WtgU3n,V,Wind Turbine Generator Phase 3 to N Voltage,
WtgUn,V,Wind Turbine Generator Average Phase to Neutral Voltage,
